{
  "id": "biomodels",
  "service": "BioModels",
  "description": "BioModels is a repository of mathematical models of biological and biomedical systems.",
  "url": "https://www.ebi.ac.uk/biomodels/",
  "doi": "10.1093/nar/gkz1055",
  "provider": {
    "contact": {
      "email": "biomodels-net-support@lists.sf.net"
    },

    "url": "https://www.ebi.ac.uk/",
    "name": "EMBL-EBI"
  },
  "access": {
    "login": "no"
  },
  "ELIXIR": {
    "biotools": "biomodels",
    "tess": "BioModels"
  }
}
