{
  "id": "bridgedb",
  "service": "BridgeDb",
  "description": "A framework to map identifiers between various biological databases and related sources.",
  "screenshot": "bridgedb.png",
  "url": "https://bridgedb.cloud.vhp4safety.nl/",
  "doi": "10.1186/1471-2105-11-5",
  "instance": {
    "type": "VHP4Safety",
    "vhp-platform": "Development",
    "license": "Apache-2.0",
    "version": "2.3.3",
    "source": "https://github.com/bridgedb/BridgeDb",
    "docker": "https://hub.docker.com/r/bigcatum/bridgedb"
  },
  "provider": {
    "contact": {
      "name": "Egon Willighagen"
    },
    "name": "bigcatum"
  },
  "access": {
    "API": "REST",
    "login": "no"
  },
  "ELIXIR": {
    "biotools": "bridgedb",
    "tess": "bridgedb",
    "fairsharing": "10.25504/FAIRsharing.5ry74y"
  },
  "Other": {
    "rsd": "bridgedb-java"
  }
}
