{
  "id": "cdkdepict",
  "service": "CDK Depict",
  "description": "A webservice that converts a SMILES into 2D depictions (SVG or PNG).",
  "screenshot": "cdkdepict.png",
  "url": "https://cdkdepict.cloud.vhp4safety.nl/",
  "doi": "10.1186/s13321-017-0220-4",
  "instance": {
    "type": "VHP4Safety",
    "vhp-platform": "Development",
    "license": "LGPL 2.1",
    "version": "1.9.3",
    "source": "https://github.com/cdk/depict",
    "docker": "https://hub.docker.com/r/simolecule/cdkdepict",
    "TRL": "TRL 8 - system complete and qualified"
  },
  "provider": {
    "contact": {
      "name": "Egon Willighagen"
    },
    "name": "simolecule"
  },
  "access": {
    "API": "REST",
    "login": "no"
  },
  "ELIXIR": {
    "biotools": "cdk_depict",
    "tess": "cdk depict"
  }
}
