{
  "id": "copasi",
  "service": "COPASI",
  "description": "Open-source software application for creating and solving mathematical models of biological processes such as metabolic networks, cell-signaling pathways, regulatory networks, infectious diseases, and many others.",
  "url": "http://copasi.org/",
  "provider": {
    "contact": {
      "name": "The COPASI Project",
      "email": "http://copasi.org/About/Team/"
    },
  },
  "doi": "10.1093/bioinformatics/btl485",
  "ELIXIR": {
    "biotools": "copasi"
  }
}
