{
  "id": "txg_mapr",
  "service": "TXG-MAPr",
  "description": "An R-Shiny-based implementation of weighted gene co-expression network analysis (WGCNA) obtained from the Primary Human Hepatocytes (PHH) TG-GATEs dataset.",
  "screenshot": "txg_mapr.png",
  "url": "https://txg-mapr.eu/",
  "doi": "10.1007/s00204-021-03141-w",
  "instance": {
    "type": "VHP4Safety",
    "vhp-platform": "",
    "url": "",
    "license": "Proprietary",
    "version": "",
    "source": "",
    "docker": "",
    "TRL": ""
  },
  "provider": {
    "contact": {
      "name": "Steven J. Kunnen",
      "email": ""
    },
    "url": "",
    "name": "Leiden University"
  },
  "access": {
    "API": "",
    "login": "Yes",
    "packages": {
      "R": "",
      "Python": ""
    }
  },
  "ELIXIR": {
    "biotools": "TXG-MAPr",
    "tess": ""
  }
}
