{
  "id": "wikibase",
  "service": "VHP4Safety Wikibase",
  "description": "A Wikibase instance to hold information about compounds.",
  "screenshot": "VHP4Safety_ChemicalCompounds.png",
  "url": "https://compoundcloud.wikibase.cloud/",
  "doi": "",
  "instance": {
    "type": "VHP4Safety",
    "vhp-platform": "Development",
    "url": "",
    "license": "",
    "version": "",
    "source": "",
    "docker": "",
    "TRL": ""
  },
  "provider": {
    "contact": {
      "name": "",
      "email": ""
    },
    "url": "",
    "name": "BiGCaT UM"
  },
  "access": {
    "API": "SPARQL",
    "login": "No",
    "packages": {
      "R": "",
      "Python": ""
    }
  },
  "ELIXIR": {
    "biotools": "",
    "tess": ""
  }
}
