{
  "id": "wikipathways_aop",
  "service": "WikiPathways - AOP Portal",
  "description": "This Adverse Outcome Pathway (AOP) portal for WikiPathways to highlight the molecular basis of AOPs or events in AOPs.",
  "screenshot": "wikipathways_aop.png",
  "url": "http://aop.wikipathways.org/",
  "doi": "10.3389/fgene.2018.00661",
  "instance": {
    "type": "VHP4Safety",
    "vhp-platform": "",
    "url": "",
    "license": "[CC0](https://creativecommons.org/share-your-work/public-domain/cc0/)",
    "version": "",
    "source": "",
    "docker": "",
    "TRL": ""
  },
  "provider": {
    "contact": {
      "name": "",
      "email": ""
    },
    "url": "",
    "name": "UM"
  },
  "access": {
    "API": "SPARQL",
    "login": "No",
    "packages": {
      "R": "",
      "Python": ""
    }
  },
  "ELIXIR": {
    "biotools": "wikipathways",
    "tess": "WikiPathways"
  }
}
